ID,Bits,Time(ns)
1,40,148.291494
2,56,145.3627179
3,80,146.2504506
4,128,150.1510403
5,168,161.7122445
6,224,161.9139586
7,256,167.1744292
8,512,201.7342323
9,1024,259.2418099
10,2048,400.5857571
11,4096,690.0340584
