ID,Bits,Time(ns)
1,40,349.148547
2,56,319.420927
3,80,330.987427
4,128,308.357066
5,168,332.805852
6,224,318.131933
7,256,318.911697
8,512,391.473523
9,1024,528.259021
10,2048,728.80583
11,4096,1178.321736
