ID,Bits,Time(ns)
1,40,254.756817
2,56,310.160615
3,80,387.792816
4,128,303.59521
5,168,326.579243
6,224,340.324274
7,256,319.90563
8,512,409.201431
9,1024,521.00733
10,2048,803.124096
11,4096,1204.534319
