ID,Bits,Time(ns)
1,40,451.8597742
2,56,505.0474744
3,80,311.0589196
4,128,325.7961474
5,168,335.1225844
6,224,354.9932398
7,256,375.3394612
8,512,451.5073936
9,1024,541.1408175
10,2048,921.4700964
11,4096,1561.4732116
