ID,Bits,Time(ns)
1,40,568.7670227
2,56,556.2778875
3,80,532.5159817
4,128,541.4474645
5,168,566.8270305
6,224,560.656727
7,256,555.7691022
8,512,648.3169828
9,1024,707.6900166
10,2048,838.2846563
11,4096,1291.3641797
