ID,Bits,Time(ns)
1,40,499.504815
2,56,466.291809
3,80,491.071525
4,128,510.402211
5,168,577.806991
6,224,534.74621
7,256,511.271264
8,512,588.647468
9,1024,664.551958
10,2048,849.596849
11,4096,1453.635185
