ID,Bits,Time(ns)
1,40,248.5460994
2,56,247.7448687
3,80,246.8307849
4,128,251.3286052
5,168,265.2230661
6,224,260.1371545
7,256,261.0040143
8,512,292.5524898
9,1024,336.7671333
10,2048,399.2999949
11,4096,599.993687
