ID,Bits,Time(ns)
1,40,510.817633
2,56,505.570938
3,80,492.868274
4,128,510.861492
5,168,521.797449
6,224,490.830161
7,256,544.017191
8,512,570.146478
9,1024,686.382247
10,2048,872.206137
11,4096,1195.624823
